city,lat,lon,AQI,Heat_Index,Rainfall_Risk,Seismic_Risk,Waste_Index,aqi_norm,heat_norm,rain_norm,seismic_norm,waste_norm,decision_score,AI_Recommendations
Delhi,28.7041,77.1025,325,32.06428951861591,67.8397883975705,6.548345153667319,70,0.8482142857142857,0.16170682313952528,0.6080384257266066,1.0,0.6153846153846154,0.6507210277952044,Increase green corridors and emission checks. Audit old buildings for seismic safety.
Mumbai,19.076,72.8777,150,35.48319224158727,29.362525693993966,5.565949762459246,87,0.06696428571428571,0.42510856318647633,0.15315843718877412,0.8155951108406213,0.9423076923076923,0.3994281062615828,Audit old buildings for seismic safety. Improve solid waste segregation and recycling.
Kolkata,22.5726,88.3639,310,36.04186603661928,83.13314505172052,1.2209625897538277,64,0.78125,0.46815034052086435,0.7888371990992799,0.0,0.5,0.5607725079240288,Increase green corridors and emission checks. Strengthen drainage and flood response units.
Chennai,13.0827,80.2707,135,42.94516989740809,57.0925203190477,5.344403407885986,39,0.0,1.0,0.48098372284835206,0.7740087685955636,0.019230769230769232,0.41518267524362035,Deploy cooling shelters and heat alert systems. Audit old buildings for seismic safety.
Hyderabad,17.385,78.4867,359,29.965366793746192,16.407202154867658,5.131238023677259,90,1.0,0.0,0.0,0.7339956136078475,1.0,0.5600993420411771,Increase green corridors and emission checks. Audit old buildings for seismic safety. Improve solid waste segregation and recycling.
Bengaluru,12.9716,77.5946,292,30.539038362059653,100.99492567125701,2.627008941579207,38,0.7008928571428571,0.04419724734896905,1.0,0.2639281739121995,0.0,0.45869653269948085,Increase green corridors and emission checks. Strengthen drainage and flood response units.
